,Country,Code,Year,Obesity,Consumed,Population
66,Angola,AGO,2006,21.1,15.0,20149905.0
67,Angola,AGO,2007,21.7,30.0,20905360.0
68,Angola,AGO,2008,22.3,30.0,21695636.0
69,Angola,AGO,2009,22.9,30.0,22514275.0
70,Angola,AGO,2010,23.6,30.0,23356247.0
71,Angola,AGO,2011,24.2,30.0,24220660.0
72,Angola,AGO,2012,24.8,30.0,25107925.0
73,Angola,AGO,2013,25.5,30.0,26015786.0
74,Angola,AGO,2014,26.2,30.0,26941773.0
75,Angola,AGO,2015,26.8,30.0,27884380.0
76,Angola,AGO,2016,27.5,30.0,28842482.0
121,Austria,AUT,2006,50.2,612.4706464,8285344.0
122,Austria,AUT,2007,50.6,846.8156569,8313731.0
123,Austria,AUT,2008,51.0,907.8868183,8341525.0
124,Austria,AUT,2009,51.4,885.7158476,8372657.0
125,Austria,AUT,2010,51.8,902.8543286,8409945.0
126,Austria,AUT,2011,52.2,1117.3456428,8453501.0
127,Austria,AUT,2012,52.6,1269.0194578,8502230.0
128,Austria,AUT,2013,53.0,1249.0561033,8556191.0
129,Austria,AUT,2014,53.4,1134.7097223,8615205.0
130,Austria,AUT,2015,53.9,1135.8385496,8678667.0
131,Austria,AUT,2016,54.3,1193.2470822,8747306.0
198,Belgium,BEL,2006,56.6,1537.4130848,10619484.0
199,Belgium,BEL,2007,56.9,1103.1183459,10697576.0
200,Belgium,BEL,2008,57.2,649.9305163,10778764.0
201,Belgium,BEL,2009,57.5,934.292881,10859934.0
202,Belgium,BEL,2010,57.8,870.6651789,10938735.0
203,Belgium,BEL,2011,58.1,934.4687495,11013860.0
204,Belgium,BEL,2012,58.3,914.636559,11085355.0
205,Belgium,BEL,2013,58.6,1245.1647608,11154008.0
206,Belgium,BEL,2014,58.9,1258.936808,11221225.0
207,Belgium,BEL,2015,59.2,1073.6106709,11287931.0
208,Belgium,BEL,2016,59.5,1502.1248037,11354407.0
242,Bolivia,BOL,2006,49.9,41.0,9395449.0
243,Bolivia,BOL,2007,50.5,42.0,9558438.0
244,Bolivia,BOL,2008,51.2,43.5,9721457.0
245,Bolivia,BOL,2009,51.8,45.0,9884790.0
246,Bolivia,BOL,2010,52.4,46.0,10048597.0
247,Bolivia,BOL,2011,53.1,47.5,10212951.0
248,Bolivia,BOL,2012,53.7,49.0,10377677.0
249,Bolivia,BOL,2013,54.3,50.5,10542375.0
250,Bolivia,BOL,2014,54.9,52.0,10706517.0
251,Bolivia,BOL,2015,55.5,53.5,10869732.0
252,Bolivia,BOL,2016,56.1,55.0,11031822.0
275,Brazil,BRA,2006,50.2,15538.0,188167353.0
276,Brazil,BRA,2007,50.8,16331.0,190130445.0
277,Brazil,BRA,2008,51.5,17110.0,192030362.0
278,Brazil,BRA,2009,52.1,17660.0,193886505.0
279,Brazil,BRA,2010,52.7,18390.0,195713637.0
280,Brazil,BRA,2011,53.4,19132.0,197514541.0
281,Brazil,BRA,2012,54.0,19720.0,199287292.0
282,Brazil,BRA,2013,54.6,20330.0,201035904.0
283,Brazil,BRA,2014,55.3,20085.0,202763744.0
284,Brazil,BRA,2015,55.9,20333.0,204471759.0
285,Brazil,BRA,2016,56.5,20508.0,206163056.0
297,Bulgaria,BGR,2006,56.9,420.3825188,7631020.0
298,Bulgaria,BGR,2007,57.4,364.1899682,7576675.0
299,Bulgaria,BGR,2008,57.9,444.7178889,7524084.0
300,Bulgaria,BGR,2009,58.4,409.2759028,7473509.0
301,Bulgaria,BGR,2010,58.9,395.3579912,7425011.0
302,Bulgaria,BGR,2011,59.3,359.5197507,7378652.0
303,Bulgaria,BGR,2012,59.8,375.9412509,7334007.0
304,Bulgaria,BGR,2013,60.3,418.6068473,7290092.0
305,Bulgaria,BGR,2014,60.8,376.236244,7245648.0
306,Bulgaria,BGR,2015,61.2,406.257101,7199739.0
307,Bulgaria,BGR,2016,61.7,452.3459583,7151948.0
319,Burundi,BDI,2006,17.3,1.906,7607850.0
320,Burundi,BDI,2007,17.7,1.56,7862226.0
321,Burundi,BDI,2008,18.2,1.357,8126104.0
322,Burundi,BDI,2009,18.6,1.435,8397661.0
323,Burundi,BDI,2010,19.1,1.399,8675606.0
324,Burundi,BDI,2011,19.6,2.0,8958406.0
325,Burundi,BDI,2012,20.1,2.0,9245992.0
326,Burundi,BDI,2013,20.6,2.0,9540302.0
327,Burundi,BDI,2014,21.1,2.0,9844301.0
328,Burundi,BDI,2015,21.6,2.0,10160034.0
329,Burundi,BDI,2016,22.2,2.0,10488002.0
341,Cameroon,CMR,2006,27.3,69.0,18223677.0
342,Cameroon,CMR,2007,27.9,69.0,18730283.0
343,Cameroon,CMR,2008,28.5,69.0,19252674.0
344,Cameroon,CMR,2009,29.2,69.0,19789922.0
345,Cameroon,CMR,2010,29.8,69.0,20341236.0
346,Cameroon,CMR,2011,30.4,68.333,20906392.0
347,Cameroon,CMR,2012,31.0,70.017,21485267.0
348,Cameroon,CMR,2013,31.7,71.733,22077300.0
349,Cameroon,CMR,2014,32.3,73.483,22681853.0
350,Cameroon,CMR,2015,33.0,75.317,23298376.0
351,Cameroon,CMR,2016,33.6,76.0,23926549.0
374,Central African Republic,CAF,2006,21.2,3.0,4118075.0
375,Central African Republic,CAF,2007,21.6,3.0,4198004.0
376,Central African Republic,CAF,2008,22.1,3.333,4273368.0
377,Central African Republic,CAF,2009,22.6,5.0,4337623.0
378,Central African Republic,CAF,2010,23.0,8.333,4386765.0
379,Central African Republic,CAF,2011,23.5,10.0,4418639.0
380,Central African Republic,CAF,2012,24.0,13.333,4436411.0
381,Central African Republic,CAF,2013,24.6,16.667,4447945.0
382,Central African Republic,CAF,2014,25.1,20.0,4464171.0
383,Central African Republic,CAF,2015,25.6,20.0,4493171.0
384,Central African Republic,CAF,2016,26.2,20.0,4537683.0
418,Colombia,COL,2006,53.3,1209.0,43200901.0
419,Colombia,COL,2007,53.9,1194.633,43737512.0
420,Colombia,COL,2008,54.5,1280.923,44254972.0
421,Colombia,COL,2009,55.1,1290.5,44750054.0
422,Colombia,COL,2010,55.6,1274.479,45222699.0
423,Colombia,COL,2011,56.2,1311.024,45662747.0
424,Colombia,COL,2012,56.8,1435.065,46075721.0
425,Colombia,COL,2013,57.4,1514.242,46495492.0
426,Colombia,COL,2014,57.9,1617.02,46967706.0
427,Colombia,COL,2015,58.5,1665.451,47520667.0
428,Colombia,COL,2016,59.0,1720.373,48175048.0
440,Congo,COG,2006,25.2,3.0,3745143.0
441,Congo,COG,2007,25.7,3.0,3876123.0
442,Congo,COG,2008,26.3,3.0,4011487.0
443,Congo,COG,2009,26.8,3.0,4145399.0
444,Congo,COG,2010,27.4,3.0,4273738.0
445,Congo,COG,2011,28.0,3.0,4394842.0
446,Congo,COG,2012,28.6,3.0,4510197.0
447,Congo,COG,2013,29.1,3.0,4622757.0
448,Congo,COG,2014,29.7,3.0,4736965.0
449,Congo,COG,2015,30.3,3.0,4856093.0
450,Congo,COG,2016,30.9,3.0,4980996.0
462,Costa Rica,CRI,2006,53.2,375.0,4345421.0
463,Costa Rica,CRI,2007,54.1,375.0,4404626.0
464,Costa Rica,CRI,2008,55.0,375.0,4463123.0
465,Costa Rica,CRI,2009,55.9,267.859,4520739.0
466,Costa Rica,CRI,2010,56.7,295.441,4577371.0
467,Costa Rica,CRI,2011,57.6,407.221,4633086.0
468,Costa Rica,CRI,2012,58.4,380.888,4688003.0
469,Costa Rica,CRI,2013,59.2,423.097,4742111.0
470,Costa Rica,CRI,2014,60.0,335.06,4795390.0
471,Costa Rica,CRI,2015,60.8,380.742,4847805.0
472,Costa Rica,CRI,2016,61.6,448.821,4899336.0
473,Cote d'Ivoire,CIV,2006,25.0,316.667,18754914.0
474,Cote d'Ivoire,CIV,2007,25.7,316.667,19171250.0
475,Cote d'Ivoire,CIV,2008,26.3,317.0,19605568.0
476,Cote d'Ivoire,CIV,2009,26.9,317.0,20059147.0
477,Cote d'Ivoire,CIV,2010,27.6,317.0,20532944.0
478,Cote d'Ivoire,CIV,2011,28.2,317.0,21028652.0
479,Cote d'Ivoire,CIV,2012,28.9,317.0,21547188.0
480,Cote d'Ivoire,CIV,2013,29.6,317.0,22087506.0
481,Cote d'Ivoire,CIV,2014,30.3,317.0,22647672.0
482,Cote d'Ivoire,CIV,2015,30.9,317.0,23226148.0
483,Cote d'Ivoire,CIV,2016,31.6,317.0,23822726.0
484,Croatia,HRV,2006,54.3,386.1328524,4370782.0
485,Croatia,HRV,2007,54.9,386.3344636,4362427.0
486,Croatia,HRV,2008,55.4,377.1421853,4352639.0
487,Croatia,HRV,2009,55.9,365.637529,4341261.0
488,Croatia,HRV,2010,56.4,369.8385933,4328163.0
489,Croatia,HRV,2011,57.0,367.1531434,4313098.0
490,Croatia,HRV,2012,57.5,360.3641197,4295869.0
491,Croatia,HRV,2013,58.0,386.5626254,4276593.0
492,Croatia,HRV,2014,58.6,368.4599917,4255518.0
493,Croatia,HRV,2015,59.1,374.6475415,4232874.0
494,Croatia,HRV,2016,59.6,379.5851774,4208611.0
495,Cuba,CUB,2006,52.6,224.0,11261241.0
496,Cuba,CUB,2007,53.2,224.0,11251117.0
497,Cuba,CUB,2008,53.8,224.0,11236975.0
498,Cuba,CUB,2009,54.4,220.0,11226711.0
499,Cuba,CUB,2010,55.0,220.0,11225833.0
500,Cuba,CUB,2011,55.6,220.0,11236671.0
501,Cuba,CUB,2012,56.2,220.0,11257112.0
502,Cuba,CUB,2013,56.8,220.0,11282722.0
503,Cuba,CUB,2014,57.3,220.0,11306909.0
504,Cuba,CUB,2015,57.9,220.0,11324777.0
505,Cuba,CUB,2016,58.5,220.0,11335108.0
506,Cyprus,CYP,2006,55.3,55.4956657,1045508.0
507,Cyprus,CYP,2007,55.7,69.2840491,1063708.0
508,Cyprus,CYP,2008,56.1,77.2930951,1081568.0
509,Cyprus,CYP,2009,56.5,75.4378673,1098089.0
510,Cyprus,CYP,2010,56.9,73.9056481,1112617.0
511,Cyprus,CYP,2011,57.3,80.7935252,1124837.0
512,Cyprus,CYP,2012,57.7,85.3983201,1135046.0
513,Cyprus,CYP,2013,58.0,89.3106288,1143866.0
514,Cyprus,CYP,2014,58.4,80.7359171,1152297.0
515,Cyprus,CYP,2015,58.8,92.7164588,1160987.0
516,Cyprus,CYP,2016,59.1,93.0903748,1170189.0
517,Czechia,CZE,2006,58.8,631.0135547,10298609.0
518,Czechia,CZE,2007,59.1,678.9607778,10357535.0
519,Czechia,CZE,2008,59.5,621.412751,10425267.0
520,Czechia,CZE,2009,59.8,525.1680463,10488155.0
521,Czechia,CZE,2010,60.2,469.731678,10536514.0
522,Czechia,CZE,2011,60.6,572.4584702,10566512.0
523,Czechia,CZE,2012,60.9,685.226286,10581302.0
524,Czechia,CZE,2013,61.3,637.4253164,10586529.0
525,Czechia,CZE,2014,61.6,998.1837939,10591104.0
526,Czechia,CZE,2015,62.0,708.3671582,10601390.0
527,Czechia,CZE,2016,62.3,806.0065798,10618868.0
528,Democratic Republic of Congo,COD,2006,19.8,200.0,56578046.0
529,Democratic Republic of Congo,COD,2007,20.3,200.0,58453687.0
530,Democratic Republic of Congo,COD,2008,20.8,200.0,60411195.0
531,Democratic Republic of Congo,COD,2009,21.3,200.0,62448572.0
532,Democratic Republic of Congo,COD,2010,21.8,200.0,64563853.0
533,Democratic Republic of Congo,COD,2011,22.4,200.0,66755151.0
534,Democratic Republic of Congo,COD,2012,23.0,200.0,69020749.0
535,Democratic Republic of Congo,COD,2013,23.5,200.0,71358804.0
536,Democratic Republic of Congo,COD,2014,24.1,200.0,73767445.0
537,Democratic Republic of Congo,COD,2015,24.7,200.0,76244532.0
538,Democratic Republic of Congo,COD,2016,25.3,200.0,78789130.0
539,Denmark,DNK,2006,51.7,822.4936613,5444293.0
540,Denmark,DNK,2007,52.1,794.2843231,5469920.0
541,Denmark,DNK,2008,52.5,688.3443275,5497731.0
542,Denmark,DNK,2009,52.9,676.2529948,5526389.0
543,Denmark,DNK,2010,53.3,806.4887504,5554849.0
544,Denmark,DNK,2011,53.6,762.2586282,5582980.0
545,Denmark,DNK,2012,54.0,799.8243258,5610909.0
546,Denmark,DNK,2013,54.3,822.179798,5638152.0
547,Denmark,DNK,2014,54.7,748.0282954,5664199.0
548,Denmark,DNK,2015,55.1,731.400626,5688695.0
549,Denmark,DNK,2016,55.4,753.3328152,5711346.0
572,Dominican Republic,DOM,2006,51.8,377.998,9218681.0
573,Dominican Republic,DOM,2007,52.8,377.998,9338856.0
574,Dominican Republic,DOM,2008,53.8,378.0,9458079.0
575,Dominican Republic,DOM,2009,54.8,378.0,9576736.0
576,Dominican Republic,DOM,2010,55.7,378.0,9695117.0
577,Dominican Republic,DOM,2011,56.7,378.0,9813219.0
578,Dominican Republic,DOM,2012,57.6,378.0,9930916.0
579,Dominican Republic,DOM,2013,58.5,378.0,10048226.0
580,Dominican Republic,DOM,2014,59.4,383.333,10165182.0
581,Dominican Republic,DOM,2015,60.3,388.0,10281675.0
582,Dominican Republic,DOM,2016,61.2,388.0,10397738.0
594,Ecuador,ECU,2006,50.2,150.0,14059379.0
595,Ecuador,ECU,2007,50.8,150.0,14296554.0
596,Ecuador,ECU,2008,51.4,150.0,14535740.0
597,Ecuador,ECU,2009,52.0,150.0,14774412.0
598,Ecuador,ECU,2010,52.5,150.0,15011114.0
599,Ecuador,ECU,2011,53.1,150.0,15243885.0
600,Ecuador,ECU,2012,53.7,150.0,15474099.0
601,Ecuador,ECU,2013,54.3,150.0,15707473.0
602,Ecuador,ECU,2014,54.8,155.0,15951832.0
603,Ecuador,ECU,2015,55.4,155.0,16212022.0
604,Ecuador,ECU,2016,56.0,155.0,16491116.0
616,El Salvador,SLV,2006,53.3,224.1,6079395.0
617,El Salvador,SLV,2007,54.0,253.8,6105810.0
618,El Salvador,SLV,2008,54.7,250.5,6131767.0
619,El Salvador,SLV,2009,55.4,244.3,6157678.0
620,El Salvador,SLV,2010,56.0,268.3,6183877.0
621,El Salvador,SLV,2011,56.7,276.0,6210567.0
622,El Salvador,SLV,2012,57.4,273.4,6237922.0
623,El Salvador,SLV,2013,58.0,276.6,6266076.0
624,El Salvador,SLV,2014,58.7,275.0,6295124.0
625,El Salvador,SLV,2015,59.3,280.0,6325121.0
626,El Salvador,SLV,2016,59.9,285.0,6356137.0
627,Equatorial Guinea,GNQ,2006,21.8,0.0,784494.0
628,Equatorial Guinea,GNQ,2007,22.2,0.0,821686.0
629,Equatorial Guinea,GNQ,2008,22.7,0.0,860839.0
630,Equatorial Guinea,GNQ,2009,23.1,0.0,901589.0
631,Equatorial Guinea,GNQ,2010,23.6,0.0,943640.0
632,Equatorial Guinea,GNQ,2011,24.1,0.0,986861.0
633,Equatorial Guinea,GNQ,2012,24.6,0.0,1031191.0
634,Equatorial Guinea,GNQ,2013,25.1,0.0,1076412.0
635,Equatorial Guinea,GNQ,2014,25.6,0.0,1122273.0
636,Equatorial Guinea,GNQ,2015,26.1,0.0,1168575.0
637,Equatorial Guinea,GNQ,2016,26.7,0.0,1215181.0
649,Estonia,EST,2006,52.5,166.942772,1349373.0
650,Estonia,EST,2007,52.8,101.1320074,1344295.0
651,Estonia,EST,2008,53.1,153.8600031,1340067.0
652,Estonia,EST,2009,53.5,123.4939484,1336140.0
653,Estonia,EST,2010,53.8,104.7827036,1332103.0
654,Estonia,EST,2011,54.1,66.6144089,1327701.0
655,Estonia,EST,2012,54.4,103.9805131,1323163.0
656,Estonia,EST,2013,54.8,120.0561107,1319068.0
657,Estonia,EST,2014,55.1,117.3321496,1316273.0
658,Estonia,EST,2015,55.4,119.0560717,1315330.0
659,Estonia,EST,2016,55.8,121.3223703,1316507.0
671,Ethiopia,ETH,2006,16.3,2609.0,78489205.0
672,Ethiopia,ETH,2007,16.7,2748.0,80674343.0
673,Ethiopia,ETH,2008,17.1,2894.0,82916236.0
674,Ethiopia,ETH,2009,17.6,3048.0,85233923.0
675,Ethiopia,ETH,2010,18.0,3109.0,87639962.0
676,Ethiopia,ETH,2011,18.5,3171.0,90139928.0
677,Ethiopia,ETH,2012,18.9,3235.0,92726982.0
678,Ethiopia,ETH,2013,19.4,3299.0,95385793.0
679,Ethiopia,ETH,2014,19.9,3365.0,98094264.0
680,Ethiopia,ETH,2015,20.4,3433.0,100835453.0
681,Ethiopia,ETH,2016,20.9,3501.0,103603461.0
704,Finland,FIN,2006,54.4,1046.8443604,5277490.0
705,Finland,FIN,2007,54.8,1056.9026471,5297741.0
706,Finland,FIN,2008,55.2,1114.9218201,5319452.0
707,Finland,FIN,2009,55.5,1058.406243,5342266.0
708,Finland,FIN,2010,55.9,1080.4242147,5365784.0
709,Finland,FIN,2011,56.2,1092.9770746,5390036.0
710,Finland,FIN,2012,56.6,1082.0259846,5414769.0
711,Finland,FIN,2013,56.9,1094.6374384,5438984.0
712,Finland,FIN,2014,57.2,1029.736026,5461410.0
713,Finland,FIN,2015,57.6,1110.0593315,5481128.0
714,Finland,FIN,2016,57.9,1147.4113627,5497714.0
715,France,FRA,2006,55.0,5277.5864598,61508924.0
716,France,FRA,2007,55.4,5627.7542717,61869229.0
717,France,FRA,2008,55.9,5151.5666778,62209207.0
718,France,FRA,2009,56.4,5676.7497713,62542883.0
719,France,FRA,2010,56.8,5712.8985095,62879535.0
720,France,FRA,2011,57.3,5961.9527905,63222229.0
721,France,FRA,2012,57.7,5790.2946384,63564224.0
722,France,FRA,2013,58.2,5706.861578,63893521.0
723,France,FRA,2014,58.6,5954.1535262,64193550.0
724,France,FRA,2015,59.0,5591.3268474,64453194.0
725,France,FRA,2016,59.5,5374.538607,64667590.0
726,Gabon,GAB,2006,34.4,0.3,1430144.0
727,Gabon,GAB,2007,35.0,0.3,1472565.0
728,Gabon,GAB,2008,35.6,0.3,1518538.0
729,Gabon,GAB,2009,36.2,0.275,1568925.0
730,Gabon,GAB,2010,36.8,0.25,1624146.0
731,Gabon,GAB,2011,37.4,0.947,1684629.0
732,Gabon,GAB,2012,37.9,1.032,1749677.0
733,Gabon,GAB,2013,38.5,0.967,1817070.0
734,Gabon,GAB,2014,39.1,0.583,1883801.0
735,Gabon,GAB,2015,39.6,0.517,1947690.0
736,Gabon,GAB,2016,40.2,0.5,2007882.0
759,Germany,DEU,2006,53.1,9150.8529671,81472235.0
760,Germany,DEU,2007,53.5,8626.6812829,81277836.0
761,Germany,DEU,2008,53.9,9534.5082725,81065751.0
762,Germany,DEU,2009,54.2,8896.9330624,80899961.0
763,Germany,DEU,2010,54.6,9291.9588588,80827001.0
764,Germany,DEU,2011,54.9,9460.3495609,80855629.0
765,Germany,DEU,2012,55.3,8829.7429627,80972629.0
766,Germany,DEU,2013,55.7,9378.0333038,81174373.0
767,Germany,DEU,2014,56.0,8682.316327,81450370.0
768,Germany,DEU,2015,56.4,8420.9732408,81787411.0
769,Germany,DEU,2016,56.8,8583.0051348,82193770.0
770,Ghana,GHA,2006,25.8,1.59,22379057.0
771,Ghana,GHA,2007,26.4,1.0,22963946.0
772,Ghana,GHA,2008,27.1,2.0,23563832.0
773,Ghana,GHA,2009,27.7,2.0,24170943.0
774,Ghana,GHA,2010,28.3,2.0,24779614.0
775,Ghana,GHA,2011,29.0,2.0,25387713.0
776,Ghana,GHA,2012,29.6,2.0,25996454.0
777,Ghana,GHA,2013,30.2,2.0,26607641.0
778,Ghana,GHA,2014,30.8,2.0,27224480.0
779,Ghana,GHA,2015,31.4,2.0,27849203.0
780,Ghana,GHA,2016,32.0,2.0,28481947.0
781,Greece,GRC,2006,57.9,856.5887765,11185231.0
782,Greece,GRC,2007,58.4,1014.596889,11120371.0
783,Greece,GRC,2008,58.8,978.0725388,11040312.0
784,Greece,GRC,2009,59.3,973.8755111,10959268.0
785,Greece,GRC,2010,59.7,993.6918558,10887640.0
786,Greece,GRC,2011,60.2,1022.5487747,10829074.0
787,Greece,GRC,2012,60.6,1076.0986103,10781119.0
788,Greece,GRC,2013,61.0,1100.5433247,10740501.0
789,Greece,GRC,2014,61.5,1087.938479,10701460.0
790,Greece,GRC,2015,61.9,1048.89193,10659737.0
791,Greece,GRC,2016,62.3,1386.3147208,10615183.0
803,Guatemala,GTM,2006,49.0,300.0,13397022.0
804,Guatemala,GTM,2007,49.7,300.0,13700326.0
805,Guatemala,GTM,2008,50.4,300.0,14006420.0
806,Guatemala,GTM,2009,51.1,335.0,14316251.0
807,Guatemala,GTM,2010,51.8,320.0,14630420.0
808,Guatemala,GTM,2011,52.5,340.0,14948792.0
809,Guatemala,GTM,2012,53.2,350.0,15270774.0
810,Guatemala,GTM,2013,53.9,360.0,15595821.0
811,Guatemala,GTM,2014,54.6,370.0,15923238.0
812,Guatemala,GTM,2015,55.3,380.0,16252425.0
813,Guatemala,GTM,2016,55.9,390.0,16583079.0
814,Guinea,GIN,2006,21.2,50.0,9307421.0
815,Guinea,GIN,2007,21.7,50.0,9518159.0
816,Guinea,GIN,2008,22.2,50.0,9738796.0
817,Guinea,GIN,2009,22.7,50.0,9964470.0
818,Guinea,GIN,2010,23.3,50.0,10192168.0
819,Guinea,GIN,2011,23.8,50.0,10420459.0
820,Guinea,GIN,2012,24.4,50.0,10652032.0
821,Guinea,GIN,2013,24.9,50.0,10892821.0
822,Guinea,GIN,2014,25.5,50.0,11150970.0
823,Guinea,GIN,2015,26.1,50.0,11432096.0
824,Guinea,GIN,2016,26.6,50.0,11738434.0
836,Guyana,GUY,2006,42.3,5.6,746335.0
837,Guyana,GUY,2007,43.0,5.717,746477.0
838,Guyana,GUY,2008,43.7,7.0,746815.0
839,Guyana,GUY,2009,44.5,8.467,747718.0
840,Guyana,GUY,2010,45.2,8.233,749430.0
841,Guyana,GUY,2011,45.9,8.5,752029.0
842,Guyana,GUY,2012,46.6,8.6,755388.0
843,Guyana,GUY,2013,47.3,8.7,759281.0
844,Guyana,GUY,2014,48.0,8.8,763371.0
845,Guyana,GUY,2015,48.7,8.9,767433.0
846,Guyana,GUY,2016,49.4,9.0,771363.0
847,Haiti,HTI,2006,43.9,340.0,9344784.0
848,Haiti,HTI,2007,45.0,340.0,9495336.0
849,Haiti,HTI,2008,46.2,340.0,9646570.0
850,Haiti,HTI,2009,47.3,340.0,9798046.0
851,Haiti,HTI,2010,48.5,340.0,9949318.0
852,Haiti,HTI,2011,49.6,340.0,10100320.0
853,Haiti,HTI,2012,50.7,340.0,10250922.0
854,Haiti,HTI,2013,51.8,340.0,10400672.0
855,Haiti,HTI,2014,52.8,340.0,10549007.0
856,Haiti,HTI,2015,53.9,340.0,10695540.0
857,Haiti,HTI,2016,54.9,340.0,10839976.0
869,Honduras,HND,2006,48.1,230.0,7634295.0
870,Honduras,HND,2007,48.9,230.0,7808520.0
871,Honduras,HND,2008,49.7,245.0,7980955.0
872,Honduras,HND,2009,50.4,268.333,8150780.0
873,Honduras,HND,2010,51.2,306.667,8317467.0
874,Honduras,HND,2011,52.0,335.0,8480670.0
875,Honduras,HND,2012,52.8,340.0,8640692.0
876,Honduras,HND,2013,53.5,345.0,8798524.0
877,Honduras,HND,2014,54.3,350.0,8955579.0
878,Honduras,HND,2015,55.0,355.0,9112904.0
879,Honduras,HND,2016,55.8,365.0,9270794.0
880,Hungary,HUN,2006,56.3,598.0178103,10055657.0
881,Hungary,HUN,2007,56.8,522.2031582,10024158.0
882,Hungary,HUN,2008,57.4,493.9782409,9991867.0
883,Hungary,HUN,2009,57.9,445.2858406,9959439.0
884,Hungary,HUN,2010,58.4,375.7144707,9927380.0
885,Hungary,HUN,2011,59.0,180.0658698,9895689.0
886,Hungary,HUN,2012,59.5,252.2423751,9864363.0
887,Hungary,HUN,2013,60.0,176.7431103,9833923.0
888,Hungary,HUN,2014,60.6,399.6660661,9804991.0
889,Hungary,HUN,2015,61.1,403.5441855,9777925.0
890,Hungary,HUN,2016,61.6,370.6062847,9752970.0
902,India,IND,2006,14.6,1238.0,1165486291.0
903,India,IND,2007,15.1,1275.0,1183209471.0
904,India,IND,2008,15.6,1350.0,1200669762.0
905,India,IND,2009,16.0,1275.0,1217726217.0
906,India,IND,2010,16.5,1325.0,1234281163.0
907,India,IND,2011,17.0,1325.0,1250287939.0
908,India,IND,2012,17.5,1325.0,1265780243.0
909,India,IND,2013,18.0,1375.0,1280842119.0
910,India,IND,2014,18.6,1400.0,1295600768.0
911,India,IND,2015,19.1,1430.0,1310152392.0
912,India,IND,2016,19.7,1450.0,1324517250.0
913,Indonesia,IDN,2006,20.5,2500.0,229318262.0
914,Indonesia,IDN,2007,21.2,2833.0,232374239.0
915,Indonesia,IDN,2008,21.9,3333.0,235469755.0
916,Indonesia,IDN,2009,22.7,3333.0,238620554.0
917,Indonesia,IDN,2010,23.4,3333.0,241834226.0
918,Indonesia,IDN,2011,24.2,3333.0,245115988.0
919,Indonesia,IDN,2012,24.9,3667.0,248451714.0
920,Indonesia,IDN,2013,25.7,3900.0,251805314.0
921,Indonesia,IDN,2014,26.5,4250.0,255128076.0
922,Indonesia,IDN,2015,27.4,4417.0,258383257.0
923,Indonesia,IDN,2016,28.2,4550.0,261556386.0
946,Ireland,IRL,2006,54.8,202.6602633,4230619.0
947,Ireland,IRL,2007,55.4,244.3458079,4324649.0
948,Ireland,IRL,2008,56.0,115.1070827,4415871.0
949,Ireland,IRL,2009,56.6,134.4962547,4494572.0
950,Ireland,IRL,2010,57.2,159.9820946,4554330.0
951,Ireland,IRL,2011,57.7,178.633597,4591115.0
952,Ireland,IRL,2012,58.3,214.0962424,4608199.0
953,Ireland,IRL,2013,58.9,195.9287098,4615426.0
954,Ireland,IRL,2014,59.5,256.7339747,4626852.0
955,Ireland,IRL,2015,60.0,293.0603419,4652420.0
956,Ireland,IRL,2016,60.6,318.1957177,4695790.0
968,Italy,ITA,2006,54.3,5593.0606133,58542619.0
969,Italy,ITA,2007,54.7,5820.9490542,58747862.0
970,Italy,ITA,2008,55.1,5892.1521765,58922116.0
971,Italy,ITA,2009,55.6,5806.0245941,59105622.0
972,Italy,ITA,2010,56.0,5781.3189611,59325232.0
973,Italy,ITA,2011,56.4,5689.331772,59589070.0
974,Italy,ITA,2012,56.8,5709.7631664,59879469.0
975,Italy,ITA,2013,57.2,5633.8866997,60166828.0
976,Italy,ITA,2014,57.6,5861.3708184,60409622.0
977,Italy,ITA,2015,58.0,5660.1933812,60578489.0
978,Italy,ITA,2016,58.5,5998.1464674,60663068.0
979,Jamaica,JAM,2006,48.3,9.0,2754414.0
980,Jamaica,JAM,2007,49.0,9.0,2768229.0
981,Jamaica,JAM,2008,49.7,9.0,2781869.0
982,Jamaica,JAM,2009,50.4,9.0,2795839.0
983,Jamaica,JAM,2010,51.2,9.0,2810464.0
984,Jamaica,JAM,2011,51.9,9.0,2825932.0
985,Jamaica,JAM,2012,52.6,9.0,2842128.0
986,Jamaica,JAM,2013,53.4,9.0,2858710.0
987,Jamaica,JAM,2014,54.1,9.0,2875137.0
988,Jamaica,JAM,2015,54.8,9.0,2891024.0
989,Jamaica,JAM,2016,55.5,9.0,2906242.0
990,Japan,JPN,2006,23.1,7268.1863162,128422740.0
991,Japan,JPN,2007,23.5,7282.0825522,128494050.0
992,Japan,JPN,2008,24.0,7064.6851125,128538644.0
993,Japan,JPN,2009,24.4,7130.4034603,128555196.0
994,Japan,JPN,2010,24.9,7192.3980023,128542349.0
995,Japan,JPN,2011,25.3,7014.8538097,128498966.0
996,Japan,JPN,2012,25.7,7130.9466472,128423571.0
997,Japan,JPN,2013,26.1,7435.140353,128314189.0
998,Japan,JPN,2014,26.4,7493.6654188,128168630.0
999,Japan,JPN,2015,26.8,7695.1887219,127985139.0
1000,Japan,JPN,2016,27.2,7871.931796,127763267.0
1023,Kenya,KEN,2006,20.0,50.0,37649039.0
1024,Kenya,KEN,2007,20.5,50.0,38705934.0
1025,Kenya,KEN,2008,21.0,50.0,39791984.0
1026,Kenya,KEN,2009,21.5,50.0,40901798.0
1027,Kenya,KEN,2010,22.1,50.0,42030684.0
1028,Kenya,KEN,2011,22.6,50.0,43178270.0
1029,Kenya,KEN,2012,23.2,50.0,44343469.0
1030,Kenya,KEN,2013,23.7,50.0,45519986.0
1031,Kenya,KEN,2014,24.3,55.0,46700063.0
1032,Kenya,KEN,2015,24.9,55.0,47878339.0
1033,Kenya,KEN,2016,25.5,60.0,49051531.0
1067,Laos,LAO,2006,17.7,140.0,5846075.0
1068,Laos,LAO,2007,18.4,140.0,5944950.0
1069,Laos,LAO,2008,19.1,140.0,6046630.0
1070,Laos,LAO,2009,19.8,150.0,6148621.0
1071,Laos,LAO,2010,20.6,150.0,6249168.0
1072,Laos,LAO,2011,21.3,150.0,6347564.0
1073,Laos,LAO,2012,22.1,150.0,6444527.0
1074,Laos,LAO,2013,22.9,150.0,6541302.0
1075,Laos,LAO,2014,23.7,150.0,6639763.0
1076,Laos,LAO,2015,24.6,150.0,6741160.0
1077,Laos,LAO,2016,25.4,150.0,6845848.0
1078,Latvia,LVA,2006,54.4,180.787614,2225063.0
1079,Latvia,LVA,2007,54.8,130.8501559,2198089.0
1080,Latvia,LVA,2008,55.1,115.1388518,2171248.0
1081,Latvia,LVA,2009,55.4,88.1131531,2144784.0
1082,Latvia,LVA,2010,55.8,98.5950593,2118855.0
1083,Latvia,LVA,2011,56.1,101.030448,2093606.0
1084,Latvia,LVA,2012,56.5,101.1865965,2069018.0
1085,Latvia,LVA,2013,56.8,94.9729221,2044950.0
1086,Latvia,LVA,2014,57.2,110.1746839,2021220.0
1087,Latvia,LVA,2015,57.5,106.217864,1997675.0
1088,Latvia,LVA,2016,57.8,111.0115727,1974265.0
1111,Liberia,LBR,2006,25.4,5.0,3329211.0
1112,Liberia,LBR,2007,25.9,5.0,3461911.0
1113,Liberia,LBR,2008,26.4,5.0,3607863.0
1114,Liberia,LBR,2009,27.0,5.0,3754129.0
1115,Liberia,LBR,2010,27.5,5.0,3891357.0
1116,Liberia,LBR,2011,28.1,5.0,4017446.0
1117,Liberia,LBR,2012,28.6,5.0,4135662.0
1118,Liberia,LBR,2013,29.2,5.0,4248337.0
1119,Liberia,LBR,2014,29.8,5.0,4359508.0
1120,Liberia,LBR,2015,30.4,5.0,4472229.0
1121,Liberia,LBR,2016,30.9,5.0,4586788.0
1133,Lithuania,LTU,2006,56.3,213.4232022,3303329.0
1134,Lithuania,LTU,2007,56.6,230.0800162,3258984.0
1135,Lithuania,LTU,2008,56.9,203.7830587,3212867.0
1136,Lithuania,LTU,2009,57.2,209.7771589,3167270.0
1137,Lithuania,LTU,2010,57.6,222.6261261,3123825.0
1138,Lithuania,LTU,2011,57.9,179.7829024,3083402.0
1139,Lithuania,LTU,2012,58.2,193.2187238,3045561.0
1140,Lithuania,LTU,2013,58.6,196.958595,3008938.0
1141,Lithuania,LTU,2014,58.9,223.0606319,2971498.0
1142,Lithuania,LTU,2015,59.2,212.116883,2931872.0
1143,Lithuania,LTU,2016,59.6,241.8787768,2889555.0
1166,Luxembourg,LUX,2006,54.4,233.14418,465611.0
1167,Luxembourg,LUX,2007,54.8,250.6164897,474917.0
1168,Luxembourg,LUX,2008,55.3,238.8282806,485403.0
1169,Luxembourg,LUX,2009,55.7,221.9069736,496536.0
1170,Luxembourg,LUX,2010,56.2,232.2843907,507890.0
1171,Luxembourg,LUX,2011,56.6,214.5667871,519312.0
1172,Luxembourg,LUX,2012,57.1,212.2320875,530855.0
1173,Luxembourg,LUX,2013,57.5,241.3897306,542554.0
1174,Luxembourg,LUX,2014,57.9,255.3654847,554512.0
1175,Luxembourg,LUX,2015,58.3,222.4513305,566741.0
1176,Luxembourg,LUX,2016,58.7,223.3254289,579266.0
1177,Madagascar,MDG,2006,18.5,467.0,18880265.0
1178,Madagascar,MDG,2007,18.9,467.0,19433520.0
1179,Madagascar,MDG,2008,19.4,467.0,19996476.0
1180,Madagascar,MDG,2009,19.9,467.0,20569115.0
1181,Madagascar,MDG,2010,20.5,467.0,21151640.0
1182,Madagascar,MDG,2011,21.0,467.0,21743970.0
1183,Madagascar,MDG,2012,21.5,450.0,22346641.0
1184,Madagascar,MDG,2013,22.1,430.0,22961259.0
1185,Madagascar,MDG,2014,22.7,410.0,23589897.0
1186,Madagascar,MDG,2015,23.3,390.0,24234080.0
1187,Madagascar,MDG,2016,23.9,370.0,24894370.0
1188,Malawi,MWI,2006,18.8,1.0,12973693.0
1189,Malawi,MWI,2007,19.2,1.0,13341808.0
1190,Malawi,MWI,2008,19.6,1.0,13727899.0
1191,Malawi,MWI,2009,20.1,1.0,14128161.0
1192,Malawi,MWI,2010,20.5,1.0,14539609.0
1193,Malawi,MWI,2011,21.0,1.0,14962118.0
1194,Malawi,MWI,2012,21.5,1.0,15396010.0
1195,Malawi,MWI,2013,21.9,1.0,15839287.0
1196,Malawi,MWI,2014,22.4,1.0,16289550.0
1197,Malawi,MWI,2015,22.9,1.0,16745305.0
1198,Malawi,MWI,2016,23.4,1.0,17205253.0
1232,Malta,MLT,2006,62.8,28.8119257,406330.0
1233,Malta,MLT,2007,63.2,15.906515,407854.0
1234,Malta,MLT,2008,63.6,22.7471165,409493.0
1235,Malta,MLT,2009,64.0,14.1236398,411559.0
1236,Malta,MLT,2010,64.4,12.027799,414257.0
1237,Malta,MLT,2011,64.7,15.5570067,417720.0
1238,Malta,MLT,2012,65.1,20.9978384,421809.0
1239,Malta,MLT,2013,65.4,21.5860087,426144.0
1240,Malta,MLT,2014,65.7,24.6119162,430190.0
1241,Malta,MLT,2015,66.1,15.3858795,433559.0
1242,Malta,MLT,2016,66.4,17.6307395,436099.0
1276,Mexico,MEX,2006,59.5,1725.0,107560155.0
1277,Mexico,MEX,2007,60.1,2000.0,109170503.0
1278,Mexico,MEX,2008,60.6,2200.0,110815272.0
1279,Mexico,MEX,2009,61.2,2200.0,112463886.0
1280,Mexico,MEX,2010,61.7,2200.0,114092961.0
1281,Mexico,MEX,2011,62.3,2354.0,115695468.0
1282,Mexico,MEX,2012,62.8,2354.0,117274156.0
1283,Mexico,MEX,2013,63.3,2354.0,118827158.0
1284,Mexico,MEX,2014,63.9,2321.0,120355137.0
1285,Mexico,MEX,2015,64.4,2347.0,121858251.0
1286,Mexico,MEX,2016,64.9,2329.0,123333379.0
1386,Nepal,NPL,2006,15.5,0.0,26066687.0
1387,Nepal,NPL,2007,16.0,0.0,26382586.0
1388,Nepal,NPL,2008,16.5,0.0,26666581.0
1389,Nepal,NPL,2009,17.0,0.0,26883531.0
1390,Nepal,NPL,2010,17.6,0.0,27013207.0
1391,Nepal,NPL,2011,18.1,0.0,27041220.0
1392,Nepal,NPL,2012,18.7,0.0,26989160.0
1393,Nepal,NPL,2013,19.2,0.0,26916795.0
1394,Nepal,NPL,2014,19.8,0.0,26905982.0
1395,Nepal,NPL,2015,20.4,0.0,27015033.0
1396,Nepal,NPL,2016,21.0,0.0,27263430.0
1397,Netherlands,NLD,2006,52.8,2128.7880598,16440091.0
1398,Netherlands,NLD,2007,53.3,2292.0910668,16506651.0
1399,Netherlands,NLD,2008,53.9,1323.56366,16568105.0
1400,Netherlands,NLD,2009,54.5,897.8116087,16626379.0
1401,Netherlands,NLD,2010,55.0,1347.0822875,16682927.0
1402,Netherlands,NLD,2011,55.5,909.250259,16738190.0
1403,Netherlands,NLD,2012,56.0,1382.4607587,16791850.0
1404,Netherlands,NLD,2013,56.5,1625.4399901,16843512.0
1405,Netherlands,NLD,2014,56.9,1800.0876086,16892517.0
1406,Netherlands,NLD,2015,57.4,1695.7612177,16938492.0
1407,Netherlands,NLD,2016,57.8,2079.1494984,16981285.0
1419,Nicaragua,NIC,2006,51.9,186.719,5513757.0
1420,Nicaragua,NIC,2007,52.5,189.185,5590066.0
1421,Nicaragua,NIC,2008,53.2,191.645,5667436.0
1422,Nicaragua,NIC,2009,53.8,194.147,5745538.0
1423,Nicaragua,NIC,2010,54.4,196.622,5824058.0
1424,Nicaragua,NIC,2011,55.1,202.745,5903035.0
1425,Nicaragua,NIC,2012,55.7,205.261,5982530.0
1426,Nicaragua,NIC,2013,56.3,207.864,6062462.0
1427,Nicaragua,NIC,2014,56.9,209.561,6142734.0
1428,Nicaragua,NIC,2015,57.6,211.742,6223234.0
1429,Nicaragua,NIC,2016,58.2,213.946,6303970.0
1441,Nigeria,NGA,2006,22.4,40.0,142538305.0
1442,Nigeria,NGA,2007,23.0,40.0,146339971.0
1443,Nigeria,NGA,2008,23.7,40.0,150269622.0
1444,Nigeria,NGA,2009,24.3,40.0,154324939.0
1445,Nigeria,NGA,2010,24.9,40.0,158503203.0
1446,Nigeria,NGA,2011,25.6,40.0,162805080.0
1447,Nigeria,NGA,2012,26.2,40.0,167228803.0
1448,Nigeria,NGA,2013,26.9,40.0,171765819.0
1449,Nigeria,NGA,2014,27.6,40.0,176404931.0
1450,Nigeria,NGA,2015,28.3,40.0,181137454.0
1451,Nigeria,NGA,2016,28.9,40.0,185960244.0
1485,Norway,NOR,2006,53.8,721.2665981,4672986.0
1486,Norway,NOR,2007,54.3,771.4217104,4719403.0
1487,Norway,NOR,2008,54.8,714.555655,4771014.0
1488,Norway,NOR,2009,55.2,715.2394977,4826847.0
1489,Norway,NOR,2010,55.7,745.6995295,4885878.0
1490,Norway,NOR,2011,56.1,785.1266543,4948335.0
1491,Norway,NOR,2012,56.6,723.3666752,5013716.0
1492,Norway,NOR,2013,57.0,763.0605046,5079460.0
1493,Norway,NOR,2014,57.4,728.954922,5142269.0
1494,Norway,NOR,2015,57.9,787.5430937,5199827.0
1495,Norway,NOR,2016,58.3,781.5442022,5250950.0
1529,Panama,PAN,2006,52.8,67.0,3391673.0
1530,Panama,PAN,2007,53.4,67.0,3453671.0
1531,Panama,PAN,2008,54.0,67.0,3516204.0
1532,Panama,PAN,2009,54.6,67.0,3579215.0
1533,Panama,PAN,2010,55.2,67.0,3642691.0
1534,Panama,PAN,2011,55.8,67.0,3706479.0
1535,Panama,PAN,2012,56.4,67.0,3770635.0
1536,Panama,PAN,2013,57.0,67.0,3835447.0
1537,Panama,PAN,2014,57.6,67.0,3901311.0
1538,Panama,PAN,2015,58.2,67.0,3968490.0
1539,Panama,PAN,2016,58.8,67.0,4037073.0
1540,Papua New Guinea,PNG,2006,46.1,2.0,6646891.0
1541,Papua New Guinea,PNG,2007,46.7,2.0,6808503.0
1542,Papua New Guinea,PNG,2008,47.4,2.0,6976200.0
1543,Papua New Guinea,PNG,2009,48.1,2.0,7144774.0
1544,Papua New Guinea,PNG,2010,48.8,2.0,7310512.0
1545,Papua New Guinea,PNG,2011,49.4,1.43,7472196.0
1546,Papua New Guinea,PNG,2012,50.1,1.236,7631003.0
1547,Papua New Guinea,PNG,2013,50.8,1.711,7788388.0
1548,Papua New Guinea,PNG,2014,51.5,2.039,7946733.0
1549,Papua New Guinea,PNG,2015,52.2,1.924,8107772.0
1550,Papua New Guinea,PNG,2016,52.9,1.8,8271766.0
1551,Paraguay,PRY,2006,46.7,20.0,5913212.0
1552,Paraguay,PRY,2007,47.5,20.0,5998430.0
1553,Paraguay,PRY,2008,48.1,20.0,6081296.0
1554,Paraguay,PRY,2009,48.8,20.0,6163970.0
1555,Paraguay,PRY,2010,49.5,20.0,6248017.0
1556,Paraguay,PRY,2011,50.2,20.0,6333981.0
1557,Paraguay,PRY,2012,50.8,20.0,6421510.0
1558,Paraguay,PRY,2013,51.5,20.0,6510273.0
1559,Paraguay,PRY,2014,52.2,20.0,6599524.0
1560,Paraguay,PRY,2015,52.8,20.0,6688746.0
1561,Paraguay,PRY,2016,53.5,20.0,6777878.0
1562,Peru,PER,2006,51.9,220.0,28102055.0
1563,Peru,PER,2007,52.4,220.0,28333050.0
1564,Peru,PER,2008,53.0,220.0,28562321.0
1565,Peru,PER,2009,53.6,250.0,28792663.0
1566,Peru,PER,2010,54.2,250.0,29027680.0
1567,Peru,PER,2011,54.7,250.0,29264314.0
1568,Peru,PER,2012,55.3,250.0,29506790.0
1569,Peru,PER,2013,55.8,250.0,29773986.0
1570,Peru,PER,2014,56.4,250.0,30090372.0
1571,Peru,PER,2015,56.9,250.0,30470739.0
1572,Peru,PER,2016,57.5,250.0,30926036.0
1573,Philippines,PHL,2006,22.3,1040.0,87888675.0
1574,Philippines,PHL,2007,22.8,1060.0,89405482.0
1575,Philippines,PHL,2008,23.3,1060.0,90901967.0
1576,Philippines,PHL,2009,23.8,1720.0,92414161.0
1577,Philippines,PHL,2010,24.3,1820.0,93966784.0
1578,Philippines,PHL,2011,24.8,2125.0,95570049.0
1579,Philippines,PHL,2012,25.3,2175.0,97212639.0
1580,Philippines,PHL,2013,25.9,2325.0,98871558.0
1581,Philippines,PHL,2014,26.4,2550.0,100513137.0
1582,Philippines,PHL,2015,27.0,2800.0,102113206.0
1583,Philippines,PHL,2016,27.6,3000.0,103663812.0
1584,Poland,POL,2006,53.8,1993.0765295,38354447.0
1585,Poland,POL,2007,54.3,1554.3648505,38353339.0
1586,Poland,POL,2008,54.7,1681.0872063,38356786.0
1587,Poland,POL,2009,55.2,2001.0076874,38351924.0
1588,Poland,POL,2010,55.6,2155.7120183,38329784.0
1589,Poland,POL,2011,56.1,2034.2879275,38286824.0
1590,Poland,POL,2012,56.5,1936.1266915,38227033.0
1591,Poland,POL,2013,57.0,1668.9987177,38158043.0
1592,Poland,POL,2014,57.4,1150.0987363,38091095.0
1593,Poland,POL,2015,57.8,1419.7924202,38034076.0
1594,Poland,POL,2016,58.3,1975.3888016,37989218.0
1595,Portugal,PRT,2006,51.8,768.0140824,10542837.0
1596,Portugal,PRT,2007,52.4,768.8582821,10573150.0
1597,Portugal,PRT,2008,53.0,746.5084817,10595312.0
1598,Portugal,PRT,2009,53.6,731.0854139,10604066.0
1599,Portugal,PRT,2010,54.2,812.1722278,10596055.0
1600,Portugal,PRT,2011,54.8,858.9247851,10569388.0
1601,Portugal,PRT,2012,55.4,828.0796456,10526308.0
1602,Portugal,PRT,2013,55.9,840.3470381,10473025.0
1603,Portugal,PRT,2014,56.5,852.909269,10418224.0
1604,Portugal,PRT,2015,57.0,782.7066418,10368346.0
1605,Portugal,PRT,2016,57.5,866.5166754,10325540.0
1617,Romania,ROU,2006,52.5,835.1256111,21234312.0
1618,Romania,ROU,2007,53.0,823.5732369,21034196.0
1619,Romania,ROU,2008,53.5,806.767141,20829521.0
1620,Romania,ROU,2009,54.0,774.9448214,20637995.0
1621,Romania,ROU,2010,54.5,795.8747431,20471860.0
1622,Romania,ROU,2011,55.0,801.9002007,20336718.0
1623,Romania,ROU,2012,55.6,849.2236104,20227467.0
1624,Romania,ROU,2013,56.1,891.2254434,20132780.0
1625,Romania,ROU,2014,56.6,912.8010622,20035928.0
1626,Romania,ROU,2015,57.1,981.7052215,19925182.0
1627,Romania,ROU,2016,57.7,1072.4551363,19796280.0
1628,Russia,RUS,2006,53.5,3220.8113718,143403258.0
1629,Russia,RUS,2007,53.8,3977.4379322,143266207.0
1630,Russia,RUS,2008,54.2,3632.5801136,143248764.0
1631,Russia,RUS,2009,54.5,3112.8719557,143326904.0
1632,Russia,RUS,2010,54.9,3700.2797932,143479273.0
1633,Russia,RUS,2011,55.3,3754.1902538,143703027.0
1634,Russia,RUS,2012,55.6,3696.1643005,143993888.0
1635,Russia,RUS,2013,56.0,3647.7442442,144325456.0
1636,Russia,RUS,2014,56.3,4021.000026,144664837.0
1637,Russia,RUS,2015,56.7,3845.6881637,144985059.0
1638,Russia,RUS,2016,57.1,4438.5259936,145275374.0
1639,Rwanda,RWA,2006,19.1,1.0,9043342.0
1640,Rwanda,RWA,2007,19.6,1.0,9273759.0
1641,Rwanda,RWA,2008,20.2,1.0,9524532.0
1642,Rwanda,RWA,2009,20.8,1.0,9782770.0
1643,Rwanda,RWA,2010,21.4,1.0,10039338.0
1644,Rwanda,RWA,2011,22.0,1.0,10293333.0
1645,Rwanda,RWA,2012,22.6,1.0,10549668.0
1646,Rwanda,RWA,2013,23.2,1.0,10811538.0
1647,Rwanda,RWA,2014,23.8,1.0,11083629.0
1648,Rwanda,RWA,2015,24.5,1.0,11369066.0
1649,Rwanda,RWA,2016,25.1,1.0,11668829.0
1749,Sierra Leone,SLE,2006,22.5,5.0,5829240.0
1750,Sierra Leone,SLE,2007,23.0,5.0,5989641.0
1751,Sierra Leone,SLE,2008,23.5,5.0,6133599.0
1752,Sierra Leone,SLE,2009,24.0,5.0,6272735.0
1753,Sierra Leone,SLE,2010,24.5,5.0,6415636.0
1754,Sierra Leone,SLE,2011,25.0,5.0,6563238.0
1755,Sierra Leone,SLE,2012,25.5,5.0,6712586.0
1756,Sierra Leone,SLE,2013,26.1,5.0,6863975.0
1757,Sierra Leone,SLE,2014,26.6,5.0,7017153.0
1758,Sierra Leone,SLE,2015,27.2,5.0,7171909.0
1759,Sierra Leone,SLE,2016,27.7,5.0,7328846.0
1771,Slovakia,SVK,2006,52.1,280.9030874,5398674.0
1772,Slovakia,SVK,2007,52.5,356.3345739,5398693.0
1773,Slovakia,SVK,2008,52.9,341.0349294,5399362.0
1774,Slovakia,SVK,2009,53.3,212.7452448,5401149.0
1775,Slovakia,SVK,2010,53.7,337.0669734,5404293.0
1776,Slovakia,SVK,2011,54.1,387.7413126,5408932.0
1777,Slovakia,SVK,2012,54.5,201.0764773,5414894.0
1778,Slovakia,SVK,2013,54.9,328.086078,5421721.0
1779,Slovakia,SVK,2014,55.3,498.1010436,5428798.0
1780,Slovakia,SVK,2015,55.8,267.2702149,5435614.0
1781,Slovakia,SVK,2016,56.2,225.8649529,5442001.0
1782,Slovenia,SVN,2006,51.6,175.6884316,2002427.0
1783,Slovenia,SVN,2007,52.1,194.9588755,2012128.0
1784,Slovenia,SVN,2008,52.5,194.1698724,2023049.0
1785,Slovenia,SVN,2009,53.0,198.2751228,2033807.0
1786,Slovenia,SVN,2010,53.5,205.0660836,2043336.0
1787,Slovenia,SVN,2011,53.9,207.7191547,2051277.0
1788,Slovenia,SVN,2012,54.4,184.991224,2057826.0
1789,Slovenia,SVN,2013,54.8,184.3236014,2063120.0
1790,Slovenia,SVN,2014,55.2,187.4280116,2067487.0
1791,Slovenia,SVN,2015,55.7,187.5940716,2071199.0
1792,Slovenia,SVN,2016,56.1,192.6647103,2074205.0
1848,Spain,ESP,2006,57.9,3016.6484311,44728561.0
1849,Spain,ESP,2007,58.3,3198.1131017,45429071.0
1850,Spain,ESP,2008,58.7,3485.4755818,46068811.0
1851,Spain,ESP,2009,59.0,3351.8664825,46583566.0
1852,Spain,ESP,2010,59.4,3231.8615047,46931011.0
1853,Spain,ESP,2011,59.8,3148.7311307,47084242.0
1854,Spain,ESP,2012,60.2,3435.225278,47063059.0
1855,Spain,ESP,2013,60.5,3234.0760341,46930554.0
1856,Spain,ESP,2014,60.9,3696.4490575,46777927.0
1857,Spain,ESP,2015,61.3,3523.8334991,46671919.0
1858,Spain,ESP,2016,61.6,3437.4127515,46634131.0
1859,Sri Lanka,LKA,2006,17.4,30.0,19695977.0
1860,Sri Lanka,LKA,2007,17.9,30.0,19842044.0
1861,Sri Lanka,LKA,2008,18.4,30.0,19983984.0
1862,Sri Lanka,LKA,2009,19.0,30.0,20123508.0
1863,Sri Lanka,LKA,2010,19.6,30.0,20261738.0
1864,Sri Lanka,LKA,2011,20.1,35.0,20398496.0
1865,Sri Lanka,LKA,2012,20.7,35.0,20532599.0
1866,Sri Lanka,LKA,2013,21.3,35.0,20663053.0
1867,Sri Lanka,LKA,2014,22.0,35.0,20788512.0
1868,Sri Lanka,LKA,2015,22.6,35.0,20908024.0
1869,Sri Lanka,LKA,2016,23.3,35.0,21021177.0
1892,Sweden,SWE,2006,52.3,1315.0355558,9096170.0
1893,Sweden,SWE,2007,52.7,1244.3056564,9162941.0
1894,Sweden,SWE,2008,53.1,1272.45469,9236433.0
1895,Sweden,SWE,2009,53.5,1132.8926737,9313085.0
1896,Sweden,SWE,2010,53.9,1221.4490829,9390157.0
1897,Sweden,SWE,2011,54.4,1125.013125,9466705.0
1898,Sweden,SWE,2012,54.8,1159.3298765,9542817.0
1899,Sweden,SWE,2013,55.2,1175.1496747,9618016.0
1900,Sweden,SWE,2014,55.6,1651.5170689,9692137.0
1901,Sweden,SWE,2015,56.0,1622.6213387,9764949.0
1902,Sweden,SWE,2016,56.4,1798.3088968,9836003.0
1903,Switzerland,CHE,2006,50.5,931.8893723,7457961.0
1904,Switzerland,CHE,2007,50.9,988.9741938,7536986.0
1905,Switzerland,CHE,2008,51.2,1149.3016902,7622826.0
1906,Switzerland,CHE,2009,51.6,965.5446285,7713902.0
1907,Switzerland,CHE,2010,52.0,1011.808333,7808674.0
1908,Switzerland,CHE,2011,52.4,1034.4684731,7906988.0
1909,Switzerland,CHE,2012,52.8,1046.9383274,8008006.0
1910,Switzerland,CHE,2013,53.1,1122.7568203,8108876.0
1911,Switzerland,CHE,2014,53.5,1027.57822,8206003.0
1912,Switzerland,CHE,2015,53.9,1095.7289468,8296775.0
1913,Switzerland,CHE,2016,54.3,1066.2376233,8379915.0
1936,Tanzania,TZA,2006,21.5,47.0,39548666.0
1937,Tanzania,TZA,2007,22.0,47.0,40681416.0
1938,Tanzania,TZA,2008,22.6,47.0,41853944.0
1939,Tanzania,TZA,2009,23.2,47.0,43073830.0
1940,Tanzania,TZA,2010,23.8,47.0,44346532.0
1941,Tanzania,TZA,2011,24.4,47.0,45673520.0
1942,Tanzania,TZA,2012,25.1,58.95,47053033.0
1943,Tanzania,TZA,2013,25.7,71.7,48483132.0
1944,Tanzania,TZA,2014,26.4,73.467,49960563.0
1945,Tanzania,TZA,2015,27.0,76.717,51482638.0
1946,Tanzania,TZA,2016,27.7,92.05,53049231.0
1947,Thailand,THA,2006,23.1,500.0,65812539.0
1948,Thailand,THA,2007,24.0,500.0,66182064.0
1949,Thailand,THA,2008,24.9,550.0,66530979.0
1950,Thailand,THA,2009,25.8,600.0,66866834.0
1951,Thailand,THA,2010,26.7,700.0,67195032.0
1952,Thailand,THA,2011,27.6,775.0,67518379.0
1953,Thailand,THA,2012,28.6,1100.0,67835969.0
1954,Thailand,THA,2013,29.6,1130.0,68144519.0
1955,Thailand,THA,2014,30.6,1200.0,68438748.0
1956,Thailand,THA,2015,31.6,1250.0,68714519.0
1957,Thailand,THA,2016,32.6,1300.0,68971313.0
1958,Timor,TLS,2006,15.7,0.0,1016437.0
1959,Timor,TLS,2007,16.2,0.0,1036387.0
1960,Timor,TLS,2008,16.7,0.0,1055428.0
1961,Timor,TLS,2009,17.3,0.0,1074286.0
1962,Timor,TLS,2010,17.8,0.0,1093517.0
1963,Timor,TLS,2011,18.4,0.49,1113154.0
1964,Timor,TLS,2012,19.0,0.49,1133002.0
1965,Timor,TLS,2013,19.6,0.49,1153288.0
1966,Timor,TLS,2014,20.3,0.49,1174333.0
1967,Timor,TLS,2015,20.9,0.49,1196294.0
1968,Timor,TLS,2016,21.6,0.49,1219289.0
1969,Togo,TGO,2006,22.4,2.0,5762881.0
1970,Togo,TGO,2007,23.0,2.0,5920360.0
1971,Togo,TGO,2008,23.5,2.0,6083417.0
1972,Togo,TGO,2009,24.1,2.0,6250840.0
1973,Togo,TGO,2010,24.6,2.0,6421674.0
1974,Togo,TGO,2011,25.2,2.0,6595939.0
1975,Togo,TGO,2012,25.8,0.21,6773807.0
1976,Togo,TGO,2013,26.3,0.242,6954721.0
1977,Togo,TGO,2014,26.9,0.238,7137997.0
1978,Togo,TGO,2015,27.5,0.195,7323162.0
1979,Togo,TGO,2016,28.1,0.22,7509952.0
1991,Trinidad and Tobago,TTO,2006,39.0,14.0,1302552.0
1992,Trinidad and Tobago,TTO,2007,39.7,11.0,1308450.0
1993,Trinidad and Tobago,TTO,2008,40.4,11.0,1314449.0
1994,Trinidad and Tobago,TTO,2009,41.1,11.0,1320921.0
1995,Trinidad and Tobago,TTO,2010,41.7,11.0,1328144.0
1996,Trinidad and Tobago,TTO,2011,42.4,10.0,1336180.0
1997,Trinidad and Tobago,TTO,2012,43.1,10.0,1344814.0
1998,Trinidad and Tobago,TTO,2013,43.9,10.0,1353708.0
1999,Trinidad and Tobago,TTO,2014,44.6,10.0,1362337.0
2000,Trinidad and Tobago,TTO,2015,45.3,10.0,1370332.0
2001,Trinidad and Tobago,TTO,2016,46.0,10.0,1377563.0
2002,Tunisia,TUN,2006,55.2,200.4041458,10201211.0
2003,Tunisia,TUN,2007,55.9,253.3957801,10304729.0
2004,Tunisia,TUN,2008,56.5,317.4853005,10414425.0
2005,Tunisia,TUN,2009,57.2,288.7271606,10525691.0
2006,Tunisia,TUN,2010,57.8,301.4742487,10635245.0
2007,Tunisia,TUN,2011,58.5,415.3742658,10741872.0
2008,Tunisia,TUN,2012,59.1,421.1362765,10846993.0
2009,Tunisia,TUN,2013,59.7,429.398177,10952949.0
2010,Tunisia,TUN,2014,60.4,459.8521431,11063195.0
2011,Tunisia,TUN,2015,61.0,457.8898297,11179951.0
2012,Tunisia,TUN,2016,61.6,465.443596,11303942.0
2046,Uganda,UGA,2006,17.7,150.0,28571475.0
2047,Uganda,UGA,2007,18.1,175.0,29486335.0
2048,Uganda,UGA,2008,18.5,180.25,30431734.0
2049,Uganda,UGA,2009,19.0,185.0,31411096.0
2050,Uganda,UGA,2010,19.4,188.7,32428164.0
2051,Uganda,UGA,2011,19.9,204.0,33476771.0
2052,Uganda,UGA,2012,20.4,210.0,34558700.0
2053,Uganda,UGA,2013,20.9,216.0,35694519.0
2054,Uganda,UGA,2014,21.4,220.8,36911530.0
2055,Uganda,UGA,2015,21.9,229.2,38225447.0
2056,Uganda,UGA,2016,22.4,234.0,39649173.0
2079,United Kingdom,GBR,2006,58.4,3058.7887185,60821349.0
2080,United Kingdom,GBR,2007,58.9,2823.698258,61455154.0
2081,United Kingdom,GBR,2008,59.5,3067.4315451,62145098.0
2082,United Kingdom,GBR,2009,60.1,3220.1118656,62828620.0
2083,United Kingdom,GBR,2010,60.6,3134.1443042,63459801.0
2084,United Kingdom,GBR,2011,61.1,2925.4494609,64021922.0
2085,United Kingdom,GBR,2012,61.7,2925.8733238,64525300.0
2086,United Kingdom,GBR,2013,62.2,2827.882509,64984015.0
2087,United Kingdom,GBR,2014,62.7,2927.6093072,65423048.0
2088,United Kingdom,GBR,2015,63.2,3591.1325165,65860149.0
2089,United Kingdom,GBR,2016,63.7,3500.5579084,66297944.0
2090,United States,USA,2006,62.5,20667.3795803,297758977.0
2091,United States,USA,2007,63.1,21033.2731039,300608425.0
2092,United States,USA,2008,63.7,21652.4270057,303486022.0
2093,United States,USA,2009,64.2,21435.9671121,306307565.0
2094,United States,USA,2010,64.8,21783.457919,309011469.0
2095,United States,USA,2011,65.3,22043.8913838,311584051.0
2096,United States,USA,2012,65.8,22231.6637149,314043885.0
2097,United States,USA,2013,66.4,23416.7421984,316400539.0
2098,United States,USA,2014,66.9,23766.5105268,318673422.0
2099,United States,USA,2015,67.4,24438.2353189,320878312.0
2100,United States,USA,2016,67.9,25242.9471207,323015992.0
2145,Venezuela,VEN,2006,59.2,1456.5,26850190.0
2146,Venezuela,VEN,2007,59.7,1518.11,27247601.0
2147,Venezuela,VEN,2008,60.1,1582.33,27635827.0
2148,Venezuela,VEN,2009,60.6,1649.26,28031010.0
2149,Venezuela,VEN,2010,61.0,1650.0,28439942.0
2150,Venezuela,VEN,2011,61.4,1650.0,28887873.0
2151,Venezuela,VEN,2012,61.8,1650.0,29360827.0
2152,Venezuela,VEN,2013,62.2,1650.0,29781046.0
2153,Venezuela,VEN,2014,62.6,1650.0,30042973.0
2154,Venezuela,VEN,2015,63.0,1650.0,30081827.0
2155,Venezuela,VEN,2016,63.4,1650.0,29851249.0
2156,Vietnam,VNM,2006,12.7,800.0,84617545.0
2157,Vietnam,VNM,2007,13.1,917.0,85419588.0
2158,Vietnam,VNM,2008,13.6,938.0,86243424.0
2159,Vietnam,VNM,2009,14.2,1021.0,87092250.0
2160,Vietnam,VNM,2010,14.7,1208.0,87967655.0
2161,Vietnam,VNM,2011,15.3,1583.0,88871384.0
2162,Vietnam,VNM,2012,15.9,1650.0,89801926.0
2163,Vietnam,VNM,2013,16.4,1825.0,90752593.0
2164,Vietnam,VNM,2014,17.1,2000.0,91713850.0
2165,Vietnam,VNM,2015,17.7,2200.0,92677082.0
2166,Vietnam,VNM,2016,18.3,2300.0,93640435.0
2189,Yemen,YEM,2006,40.3,138.0,20687648.0
2190,Yemen,YEM,2007,41.2,138.0,21282514.0
2191,Yemen,YEM,2008,42.0,130.0,21892149.0
2192,Yemen,YEM,2009,42.8,130.0,22516464.0
2193,Yemen,YEM,2010,43.7,130.0,23154854.0
2194,Yemen,YEM,2011,44.5,130.0,23807586.0
2195,Yemen,YEM,2012,45.4,130.0,24473176.0
2196,Yemen,YEM,2013,46.2,130.0,25147112.0
2197,Yemen,YEM,2014,47.1,130.0,25823488.0
2198,Yemen,YEM,2015,48.0,125.0,26497881.0
2199,Yemen,YEM,2016,48.8,115.0,27168210.0
2200,Zambia,ZMB,2006,22.5,0.6,12173518.0
2201,Zambia,ZMB,2007,23.0,0.6,12502958.0
2202,Zambia,ZMB,2008,23.5,1.0,12848531.0
2203,Zambia,ZMB,2009,24.0,1.0,13215142.0
2204,Zambia,ZMB,2010,24.5,0.0,13605986.0
2205,Zambia,ZMB,2011,25.0,0.0,14023199.0
2206,Zambia,ZMB,2012,25.6,0.0,14465148.0
2207,Zambia,ZMB,2013,26.1,0.0,14926551.0
2208,Zambia,ZMB,2014,26.7,0.0,15399793.0
2209,Zambia,ZMB,2015,27.3,0.0,15879370.0
2210,Zambia,ZMB,2016,27.8,0.0,16363449.0
2211,Zimbabwe,ZWE,2006,33.8,4.0,12155496.0
2212,Zimbabwe,ZWE,2007,34.3,4.0,12255920.0
2213,Zimbabwe,ZWE,2008,34.8,4.0,12379553.0
2214,Zimbabwe,ZWE,2009,35.3,4.0,12526964.0
2215,Zimbabwe,ZWE,2010,35.7,4.0,12697728.0
2216,Zimbabwe,ZWE,2011,36.2,4.0,12894323.0
2217,Zimbabwe,ZWE,2012,36.6,4.0,13115149.0
2218,Zimbabwe,ZWE,2013,37.0,4.0,13350378.0
2219,Zimbabwe,ZWE,2014,37.3,4.0,13586710.0
2220,Zimbabwe,ZWE,2015,37.7,4.0,13814642.0
2221,Zimbabwe,ZWE,2016,38.2,4.0,14030338.0
